<application>
  <component name="MaterialThemeConfig">
    <option name="compactDropdowns" value="true" />
    <option name="compactSidebar" value="true" />
    <option name="highlightColorEnabled" value="true" />
    <option name="isCompactMenus" value="true" />
    <option name="isContrastMode" value="true" />
    <option name="isDecoratedFolders" value="false" />
    <option name="isHighContrast" value="true" />
    <option name="isWizardShown" value="true" />
    <option name="pristineConfig" value="false" />
    <option name="useColoredDirectories" value="false" />
    <option name="useHollowFolders" value="false" />
    <option name="customSidebarHeight" value="20" />
    <option name="tabOpacity" value="51" />
    <option name="settingsSelectedTab" value="6" />
    <option name="accentColor" value="84ffff" />
    <option name="highlightColor" value="84ffff" />
    <option name="selectedTheme" value="CUSTOM" />
    <option name="userId" value="-956a64:16c2ebb5f9c:-8000" />
    <option name="version" value="4.2.1" />
  </component>
</application>